"ID","Set","Subgroup","IPI","time","status","GCB_sig","LN_sig","Prolif_sig","BMP6","MHC2_sig","Score"
"2","Training","GCB","Low","4.00000000000000000","0","0.280000000000000027","-0.070000000000000007","-0.560000000000000053","0.460000000000000020","0.569999999999999951","-0.230000000000000010"
"4","Training","GCB","Medium","4.90000000000000036","0","1.010000000000000009","-1.149999999999999911","-1.040000000000000036","0.230000000000000010","0.630000000000000004","-0.380000000000000004"
"6","Training","GCB","Low","5.59999999999999964","0","0.829999999999999960","-2.109999999999999876","0.520000000000000018","-0.280000000000000027","0.380000000000000004","0.200000000000000011"
"7","Training","GCB","Medium","12.09999999999999964","0","0.890000000000000013","-1.330000000000000071","0.010000000000000000","-0.640000000000000013","0.930000000000000049","-0.409999999999999976"
"8","Training","ABC","Medium","0.59999999999999998","1","0.270000000000000018","-1.560000000000000053","1.560000000000000053","-0.670000000000000040","-2.500000000000000000","1.250000000000000000"
"11","Training","GCB","High","0.29999999999999999","1","-0.050000000000000003","0.059999999999999998","-0.680000000000000049","-0.380000000000000004","-2.319999999999999840","0.440000000000000002"
"12","Training","Type III","Medium","0.40000000000000002","1","-0.780000000000000027","-1.310000000000000053","1.459999999999999964","-0.630000000000000004","-2.410000000000000142","1.459999999999999964"
"15","Training","GCB","Medium","1.19999999999999996","1","-0.220000000000000001","-0.170000000000000012","0.170000000000000012","1.300000000000000044","-1.320000000000000062","0.959999999999999964"
"18","Training","GCB","Medium","2.39999999999999991","1","0.900000000000000022","-0.140000000000000013","0.200000000000000011","1.469999999999999973","0.340000000000000024","0.170000000000000012"
"22","Training","ABC","High","1.19999999999999996","1","-0.050000000000000003","-1.590000000000000080","-0.110000000000000001","0.380000000000000004","0.119999999999999996","0.460000000000000020"
"24","Training","GCB","Medium","8.80000000000000071","0","1.290000000000000036","-1.270000000000000018","-0.250000000000000000","-0.770000000000000018","-0.660000000000000031","-0.149999999999999994"
"25","Training","GCB","Low","8.09999999999999964","0","1.560000000000000053","0.619999999999999996","0.000000000000000000","-0.369999999999999996","0.989999999999999991","-1.030000000000000027"
"26","Training","Type III","Low","5.20000000000000018","0","-0.340000000000000024","0.119999999999999996","-1.629999999999999893","-1.689999999999999947","0.179999999999999993","-0.900000000000000022"
"27","Training","GCB","Medium","8.09999999999999964","0","1.709999999999999964","0.409999999999999976","0.140000000000000013","-0.380000000000000004","0.670000000000000040","-0.890000000000000013"
"30","Training","ABC","Low","2.79999999999999982","1","-2.279999999999999805","1.000000000000000000","1.189999999999999947","1.899999999999999911","-0.949999999999999956","1.580000000000000071"
"34","Training","Type III","High","4.50000000000000000","1","-1.860000000000000098","-0.859999999999999987","-0.239999999999999991","-0.510000000000000009","-0.400000000000000022","0.660000000000000031"
"41","Training","GCB","Low","4.29999999999999982","0","0.930000000000000049","0.839999999999999969","0.140000000000000013","-0.839999999999999969","-1.250000000000000000","-0.320000000000000007"
"44","Training","ABC","Low","2.50000000000000000","1","-2.160000000000000142","0.579999999999999960","1.139999999999999902","-0.599999999999999978","-0.709999999999999964","0.790000000000000036"
"45","Training","GCB","Low","1.30000000000000004","1","0.599999999999999978","0.939999999999999947","0.299999999999999989","-0.130000000000000004","0.010000000000000000","-0.380000000000000004"
"48","Training","Type III","High","0.10000000000000001","1","-2.569999999999999840","-1.030000000000000027","-0.040000000000000001","-0.299999999999999989","-1.080000000000000071","1.239999999999999991"
"50","Training","Type III","Low","1.69999999999999996","1","-1.800000000000000044","-1.379999999999999893","0.320000000000000007","-0.309999999999999998","1.070000000000000062","0.520000000000000018"
"51","Training","Type III","Low","7.20000000000000018","0","-0.419999999999999984","-0.330000000000000016","-0.220000000000000001","-0.790000000000000036","0.810000000000000053","-0.349999999999999978"
"59","Training","GCB","Low","0.59999999999999998","1","0.440000000000000002","0.619999999999999996","-0.409999999999999976","-0.900000000000000022","0.140000000000000013","-0.699999999999999956"
"62","Training","ABC","High","0.29999999999999999","1","-0.500000000000000000","0.440000000000000002","0.190000000000000002","-0.640000000000000013","-0.029999999999999999","-0.110000000000000001"
"65","Training","GCB","Medium","0.29999999999999999","1","1.870000000000000107","-0.900000000000000022","0.309999999999999998","0.630000000000000004","-1.580000000000000071","0.440000000000000002"
"66","Training","Type III","Medium","2.50000000000000000","1","-1.679999999999999938","-1.320000000000000062","-0.200000000000000011","-0.709999999999999964","-0.409999999999999976","0.670000000000000040"
"68","Training","ABC","Medium","10.80000000000000071","0","-1.590000000000000080","0.059999999999999998","0.170000000000000012","-0.320000000000000007","0.309999999999999998","0.289999999999999980"
"69","Training","ABC","NA","7.70000000000000018","0","-0.599999999999999978","0.359999999999999987","0.130000000000000004","0.959999999999999964","0.349999999999999978","0.299999999999999989"
"72","Training","GCB","Low","5.90000000000000036","0","0.520000000000000018","0.599999999999999978","-0.689999999999999947","0.510000000000000009","-0.119999999999999996","-0.270000000000000018"
"74","Training","GCB","Low","16.89999999999999858","1","-0.520000000000000018","-0.660000000000000031","-0.729999999999999982","-1.110000000000000098","-0.510000000000000009","-0.040000000000000001"
"76","Training","ABC","Medium","9.69999999999999929","0","0.130000000000000004","-1.179999999999999938","0.650000000000000022","1.530000000000000027","0.839999999999999969","0.630000000000000004"
"81","Training","ABC","Medium","10.09999999999999964","0","-0.510000000000000009","-1.760000000000000009","1.419999999999999929","1.340000000000000080","1.300000000000000044","0.939999999999999947"
"83","Training","Type III","Low","1.60000000000000009","0","0.070000000000000007","-0.949999999999999956","-0.270000000000000018","0.989999999999999991","0.170000000000000012","0.400000000000000022"
"91","Training","Type III","Medium","0.80000000000000004","1","-0.029999999999999999","1.350000000000000089","-0.349999999999999978","-0.540000000000000036","0.200000000000000011","-0.640000000000000013"
"92","Training","GCB","Medium","3.89999999999999991","1","0.520000000000000018","0.719999999999999973","-0.140000000000000013","-0.520000000000000018","-0.709999999999999964","-0.299999999999999989"
"93","Training","ABC","NA","3.29999999999999982","1","-0.920000000000000040","-1.500000000000000000","0.369999999999999996","-0.409999999999999976","-0.429999999999999993","0.739999999999999991"
"98","Training","GCB","Low","7.09999999999999964","0","1.189999999999999947","-0.230000000000000010","0.070000000000000007","0.440000000000000002","-0.040000000000000001","-0.119999999999999996"
"99","Training","GCB","Low","3.29999999999999982","0","-0.020000000000000000","1.370000000000000107","-0.589999999999999969","0.479999999999999982","-0.560000000000000053","-0.160000000000000003"
"100","Training","GCB","Low","6.79999999999999982","0","-0.140000000000000013","1.459999999999999964","-0.489999999999999991","-0.469999999999999973","0.080000000000000002","-0.609999999999999987"
"104","Training","GCB","Low","0.10000000000000001","1","1.429999999999999938","1.389999999999999902","0.349999999999999978","-0.689999999999999947","-0.080000000000000002","-0.859999999999999987"
"108","Training","GCB","NA","2.70000000000000018","1","0.200000000000000011","0.100000000000000006","0.000000000000000000","0.599999999999999978","0.890000000000000013","-0.170000000000000012"
"109","Training","GCB","Low","21.80000000000000071","0","1.389999999999999902","1.919999999999999929","-0.630000000000000004","-0.930000000000000049","0.790000000000000036","-1.570000000000000062"
"110","Training","GCB","Medium","0.80000000000000004","1","1.739999999999999991","0.890000000000000013","0.540000000000000036","-0.939999999999999947","1.010000000000000009","-1.199999999999999956"
"115","Training","GCB","Medium","6.20000000000000018","1","0.839999999999999969","-0.650000000000000022","-0.489999999999999991","0.460000000000000020","1.010000000000000009","-0.369999999999999996"
"116","Training","ABC","Low","7.20000000000000018","0","-0.469999999999999973","1.250000000000000000","0.050000000000000003","0.869999999999999996","0.670000000000000040","-0.100000000000000006"
"117","Training","Type III","Medium","0.40000000000000002","1","-2.290000000000000036","-2.109999999999999876","0.380000000000000004","-0.440000000000000002","0.029999999999999999","1.139999999999999902"
"118","Training","ABC","Low","7.20000000000000018","0","-0.479999999999999982","0.579999999999999960","0.270000000000000018","-0.119999999999999996","0.369999999999999996","-0.089999999999999997"
"119","Training","GCB","Medium","6.00000000000000000","0","1.520000000000000018","-0.029999999999999999","1.669999999999999929","-0.440000000000000002","-1.699999999999999956","0.359999999999999987"
"120","Training","ABC","High","1.00000000000000000","1","-0.440000000000000002","-1.729999999999999982","0.380000000000000004","2.109999999999999876","1.580000000000000071","0.810000000000000053"
"121","Training","Type III","Medium","1.69999999999999996","0","-0.910000000000000031","0.619999999999999996","-1.080000000000000071","-1.550000000000000044","0.390000000000000013","-0.750000000000000000"
"122","Training","ABC","High","0.59999999999999998","1","0.239999999999999991","-2.339999999999999858","1.399999999999999911","-0.390000000000000013","-2.359999999999999876","1.459999999999999964"
"123","Training","GCB","High","2.29999999999999982","0","1.949999999999999956","0.450000000000000011","-0.110000000000000001","-0.260000000000000009","1.040000000000000036","-1.110000000000000098"
"124","Training","ABC","High","5.40000000000000036","1","0.340000000000000024","0.369999999999999996","0.450000000000000011","-0.029999999999999999","-0.029999999999999999","-0.089999999999999997"
"125","Training","Type III","Low","4.09999999999999964","1","-1.620000000000000107","-0.760000000000000009","0.340000000000000024","-0.859999999999999987","0.409999999999999976","0.340000000000000024"
"129","Training","GCB","Low","14.40000000000000036","0","0.489999999999999991","1.739999999999999991","-0.520000000000000018","-0.340000000000000024","0.149999999999999994","-0.859999999999999987"
"130","Training","GCB","Low","14.19999999999999929","0","1.320000000000000062","-1.500000000000000000","-0.380000000000000004","-0.650000000000000022","0.000000000000000000","-0.299999999999999989"
"132","Training","GCB","Medium","1.10000000000000009","1","1.780000000000000027","-0.209999999999999992","-0.969999999999999973","1.239999999999999991","-1.449999999999999956","0.140000000000000013"
"134","Training","ABC","Medium","0.69999999999999996","1","-1.370000000000000107","-1.399999999999999911","-0.130000000000000004","-0.280000000000000027","-1.580000000000000071","1.120000000000000107"
"136","Training","GCB","Medium","4.00000000000000000","0","0.149999999999999994","0.230000000000000010","-0.709999999999999964","-0.800000000000000044","0.680000000000000049","-0.729999999999999982"
"144","Training","ABC","Medium","1.00000000000000000","1","0.680000000000000049","-1.389999999999999902","1.260000000000000009","0.059999999999999998","-0.140000000000000013","0.520000000000000018"
"147","Training","ABC","Low","1.69999999999999996","0","1.629999999999999893","0.309999999999999998","0.540000000000000036","-0.309999999999999998","-0.340000000000000024","-0.409999999999999976"
"151","Training","ABC","Medium","2.00000000000000000","0","-1.510000000000000009","1.560000000000000053","0.220000000000000001","-0.200000000000000011","0.650000000000000022","-0.160000000000000003"
"152","Training","ABC","Low","0.40000000000000002","1","-1.250000000000000000","-0.450000000000000011","1.159999999999999920","-0.260000000000000009","-2.189999999999999947","1.350000000000000089"
"154","Training","Type III","Medium","1.89999999999999991","0","-0.930000000000000049","-1.479999999999999982","-0.920000000000000040","-1.189999999999999947","-0.330000000000000016","0.149999999999999994"
"158","Training","GCB","Medium","9.69999999999999929","0","0.930000000000000049","2.129999999999999893","0.010000000000000000","-1.219999999999999973","0.239999999999999991","-1.250000000000000000"
"159","Training","Type III","NA","0.10000000000000001","1","-2.149999999999999911","0.409999999999999976","-0.520000000000000018","-1.340000000000000080","0.070000000000000007","-0.040000000000000001"
"160","Training","ABC","Low","7.40000000000000036","0","1.389999999999999902","2.140000000000000124","-0.540000000000000036","-0.190000000000000002","0.540000000000000036","-1.290000000000000036"
"161","Training","ABC","Low","5.00000000000000000","0","-0.750000000000000000","-1.659999999999999920","0.059999999999999998","-1.050000000000000044","1.010000000000000009","0.000000000000000000"
"164","Training","GCB","Low","10.00000000000000000","0","1.639999999999999902","-1.540000000000000036","0.289999999999999980","0.040000000000000001","0.429999999999999993","-0.140000000000000013"
"166","Training","ABC","Medium","0.29999999999999999","1","-1.010000000000000009","-1.629999999999999893","0.440000000000000002","0.890000000000000013","-2.939999999999999947","2.000000000000000000"
"172","Training","GCB","Low","1.30000000000000004","1","0.660000000000000031","1.060000000000000053","-0.170000000000000012","0.040000000000000001","-0.560000000000000053","-0.309999999999999998"
"173","Training","GCB","Medium","5.50000000000000000","0","1.139999999999999902","0.450000000000000011","-0.340000000000000024","-0.209999999999999992","0.369999999999999996","-0.709999999999999964"
"176","Training","GCB","Low","3.39999999999999991","0","1.310000000000000053","2.779999999999999805","-0.400000000000000022","-0.680000000000000049","0.089999999999999997","-1.409999999999999920"
"177","Training","GCB","Low","6.90000000000000036","1","-0.770000000000000018","0.900000000000000022","-0.170000000000000012","0.289999999999999980","1.300000000000000044","-0.349999999999999978"
"178","Training","GCB","Medium","1.89999999999999991","1","0.469999999999999973","1.689999999999999947","-0.780000000000000027","0.289999999999999980","0.640000000000000013","-0.849999999999999978"
"179","Training","GCB","Medium","0.29999999999999999","1","0.179999999999999993","-0.660000000000000031","0.089999999999999997","-0.579999999999999960","-2.200000000000000178","0.640000000000000013"
"180","Training","ABC","Low","10.50000000000000000","0","-1.179999999999999938","0.419999999999999984","0.670000000000000040","0.680000000000000049","-0.260000000000000009","0.689999999999999947"
"184","Training","Type III","Medium","0.40000000000000002","1","-0.650000000000000022","-0.440000000000000002","-0.140000000000000013","0.409999999999999976","0.650000000000000022","0.190000000000000002"
"189","Training","ABC","High","0.29999999999999999","1","-0.739999999999999991","-0.829999999999999960","-0.010000000000000000","1.229999999999999982","1.070000000000000062","0.469999999999999973"
"191","Training","ABC","Medium","2.60000000000000009","1","-1.129999999999999893","-0.289999999999999980","1.169999999999999929","0.080000000000000002","0.419999999999999984","0.579999999999999960"
"194","Training","GCB","Medium","0.29999999999999999","1","-0.450000000000000011","0.619999999999999996","-0.140000000000000013","-0.050000000000000003","-0.469999999999999973","0.070000000000000007"
"195","Training","Type III","High","1.30000000000000004","1","-2.609999999999999876","-0.949999999999999956","-1.020000000000000018","-1.750000000000000000","-0.100000000000000006","0.230000000000000010"
"197","Training","GCB","High","1.50000000000000000","1","1.659999999999999920","-0.739999999999999991","0.130000000000000004","1.790000000000000036","1.310000000000000053","-0.119999999999999996"
"198","Training","ABC","Medium","0.50000000000000000","1","-0.989999999999999991","-1.479999999999999982","-0.289999999999999980","0.320000000000000007","1.050000000000000044","0.359999999999999987"
"200","Training","ABC","Medium","2.39999999999999991","1","-0.080000000000000002","-0.500000000000000000","0.500000000000000000","0.100000000000000006","-0.070000000000000007","0.320000000000000007"
"202","Training","GCB","Low","0.90000000000000002","1","-0.130000000000000004","-0.419999999999999984","0.100000000000000006","-0.450000000000000011","-0.369999999999999996","0.140000000000000013"
"204","Training","GCB","Medium","2.79999999999999982","1","1.350000000000000089","-0.200000000000000011","-0.040000000000000001","-0.160000000000000003","-0.630000000000000004","-0.200000000000000011"
"205","Training","ABC","High","0.10000000000000001","1","0.309999999999999998","-0.560000000000000053","0.400000000000000022","1.070000000000000062","0.479999999999999982","0.330000000000000016"
"207","Training","ABC","High","2.29999999999999982","0","-1.159999999999999920","-1.969999999999999973","1.189999999999999947","-0.299999999999999989","0.209999999999999992","0.949999999999999956"
"212","Training","ABC","NA","0.20000000000000001","1","-0.409999999999999976","-2.479999999999999982","1.370000000000000107","0.680000000000000049","-1.379999999999999893","1.709999999999999964"
"213","Training","Type III","Low","12.19999999999999929","0","-0.020000000000000000","1.590000000000000080","-0.859999999999999987","-0.320000000000000007","0.579999999999999960","-0.880000000000000004"
"219","Training","GCB","Medium","3.29999999999999982","0","1.020000000000000018","1.050000000000000044","-0.849999999999999978","-0.739999999999999991","0.859999999999999987","-1.260000000000000009"
"227","Training","ABC","NA","6.79999999999999982","1","-1.219999999999999973","-0.579999999999999960","0.000000000000000000","-0.609999999999999987","0.380000000000000004","0.190000000000000002"
"228","Training","Type III","Medium","2.50000000000000000","0","0.020000000000000000","1.250000000000000000","-0.959999999999999964","-0.040000000000000001","0.250000000000000000","-0.640000000000000013"
"229","Training","GCB","Low","1.39999999999999991","1","1.429999999999999938","0.949999999999999956","0.770000000000000018","-1.620000000000000107","-0.040000000000000001","-0.959999999999999964"
"230","Training","ABC","Low","1.00000000000000000","1","-0.179999999999999993","-0.650000000000000022","-0.140000000000000013","1.679999999999999938","0.250000000000000000","0.619999999999999996"
"231","Training","ABC","Low","7.59999999999999964","0","-1.280000000000000027","0.689999999999999947","0.029999999999999999","-1.280000000000000027","-0.460000000000000020","-0.050000000000000003"
"233","Training","GCB","Medium","1.60000000000000009","1","0.040000000000000001","-1.060000000000000053","1.050000000000000044","-1.409999999999999920","-0.579999999999999960","0.250000000000000000"
"237","Training","Type III","Low","9.19999999999999929","0","-0.979999999999999982","1.419999999999999929","-0.880000000000000004","-0.819999999999999951","-0.359999999999999987","-0.429999999999999993"
"241","Training","GCB","Medium","4.20000000000000018","0","0.059999999999999998","1.750000000000000000","-0.900000000000000022","0.390000000000000013","0.660000000000000031","-0.760000000000000009"
"244","Training","ABC","Medium","1.10000000000000009","1","-0.270000000000000018","-0.280000000000000027","-0.029999999999999999","1.399999999999999911","-0.130000000000000004","0.609999999999999987"
"247","Training","Type III","Low","5.90000000000000036","0","-0.750000000000000000","0.119999999999999996","-0.719999999999999973","-1.120000000000000107","0.479999999999999982","-0.479999999999999982"
"255","Training","GCB","Low","0.69999999999999996","1","1.429999999999999938","1.030000000000000027","0.100000000000000006","0.699999999999999956","-1.070000000000000062","-0.100000000000000006"
"263","Training","GCB","Medium","0.69999999999999996","1","0.550000000000000044","-1.570000000000000062","0.750000000000000000","0.070000000000000007","-1.179999999999999938","0.800000000000000044"
"267","Training","GCB","Medium","3.89999999999999991","0","1.070000000000000062","-0.839999999999999969","-1.060000000000000053","-1.060000000000000053","0.390000000000000013","-0.810000000000000053"
"275","Training","ABC","Medium","0.29999999999999999","1","-1.530000000000000027","-0.750000000000000000","0.000000000000000000","2.299999999999999822","1.360000000000000098","0.920000000000000040"
"277","Training","Type III","Low","2.79999999999999982","0","-1.070000000000000062","-0.890000000000000013","-0.390000000000000013","-1.020000000000000018","-2.080000000000000071","0.770000000000000018"
"279","Training","GCB","Medium","13.30000000000000071","0","1.229999999999999982","0.979999999999999982","-0.750000000000000000","0.140000000000000013","0.270000000000000018","-0.819999999999999951"
"281","Training","ABC","Low","8.40000000000000036","0","-1.179999999999999938","0.859999999999999987","-0.100000000000000006","-0.130000000000000004","-1.149999999999999911","0.419999999999999984"
"285","Training","GCB","Medium","1.00000000000000000","1","-0.510000000000000009","-1.330000000000000071","-0.760000000000000009","0.969999999999999973","-2.029999999999999805","1.229999999999999982"
"286","Training","GCB","Medium","10.30000000000000071","0","0.070000000000000007","-0.489999999999999991","-0.900000000000000022","-0.289999999999999980","-0.309999999999999998","-0.110000000000000001"
"294","Training","GCB","Medium","5.59999999999999964","0","1.530000000000000027","0.149999999999999994","-0.369999999999999996","0.760000000000000009","0.260000000000000009","-0.419999999999999984"
"297","Training","Type III","Low","13.80000000000000071","0","0.589999999999999969","1.179999999999999938","0.500000000000000000","0.160000000000000003","1.010000000000000009","-0.609999999999999987"
"298","Training","GCB","Medium","16.80000000000000071","0","-0.179999999999999993","0.949999999999999956","-0.579999999999999960","0.770000000000000018","-1.270000000000000018","0.309999999999999998"
"300","Training","Type III","High","0.90000000000000002","1","-1.709999999999999964","-1.090000000000000080","-1.219999999999999973","0.070000000000000007","-0.260000000000000009","0.579999999999999960"
"301","Training","Type III","Medium","5.59999999999999964","1","-0.359999999999999987","0.359999999999999987","-1.290000000000000036","-0.560000000000000053","-1.209999999999999964","-0.089999999999999997"
"305","Training","ABC","Medium","0.80000000000000004","0","-0.419999999999999984","-0.930000000000000049","0.380000000000000004","-1.050000000000000044","0.089999999999999997","0.100000000000000006"
"306","Training","GCB","NA","2.70000000000000018","0","-1.100000000000000089","1.260000000000000009","1.090000000000000080","0.070000000000000007","0.869999999999999996","0.020000000000000000"
"307","Training","GCB","Low","2.79999999999999982","0","-0.390000000000000013","1.770000000000000018","0.089999999999999997","-0.900000000000000022","1.000000000000000000","-0.900000000000000022"
"308","Training","GCB","Low","1.00000000000000000","0","-1.340000000000000080","1.169999999999999929","0.409999999999999976","-0.429999999999999993","0.609999999999999987","-0.130000000000000004"
"311","Training","Type III","Low","4.79999999999999982","0","-0.380000000000000004","1.530000000000000027","-0.349999999999999978","0.029999999999999999","-0.100000000000000006","-0.309999999999999998"
"312","Training","GCB","Low","6.70000000000000018","0","1.550000000000000044","-0.689999999999999947","0.569999999999999951","0.040000000000000001","-0.119999999999999996","-0.089999999999999997"
"313","Training","ABC","Medium","0.20000000000000001","1","-0.790000000000000036","-2.649999999999999911","2.180000000000000160","-1.350000000000000089","-0.699999999999999956","1.209999999999999964"
"315","Training","GCB","Medium","9.09999999999999964","0","1.520000000000000018","-0.780000000000000027","-0.330000000000000016","-0.080000000000000002","1.050000000000000044","-0.680000000000000049"
"316","Training","ABC","Medium","0.69999999999999996","1","-0.450000000000000011","-0.910000000000000031","1.260000000000000009","-0.810000000000000053","-0.429999999999999993","0.540000000000000036"
"317","Training","Type III","Medium","0.29999999999999999","1","-2.299999999999999822","-0.110000000000000001","-0.080000000000000002","-0.289999999999999980","1.010000000000000009","0.270000000000000018"
"318","Training","ABC","Medium","0.29999999999999999","1","-1.469999999999999973","-1.050000000000000044","-0.869999999999999996","0.489999999999999991","1.090000000000000080","0.289999999999999980"
"320","Training","GCB","Low","6.70000000000000018","0","-0.320000000000000007","-0.309999999999999998","-0.239999999999999991","1.179999999999999938","1.429999999999999938","0.029999999999999999"
"321","Training","GCB","Low","5.79999999999999982","0","1.830000000000000071","0.930000000000000049","-0.170000000000000012","-1.010000000000000009","1.889999999999999902","-1.699999999999999956"
"322","Training","GCB","Medium","7.09999999999999964","0","0.070000000000000007","1.560000000000000053","-0.790000000000000036","-0.149999999999999994","-1.270000000000000018","-0.250000000000000000"
"323","Training","GCB","High","2.29999999999999982","1","0.560000000000000053","2.470000000000000195","-0.500000000000000000","0.579999999999999960","0.550000000000000044","-0.890000000000000013"
"324","Training","GCB","Medium","6.50000000000000000","0","1.139999999999999902","0.100000000000000006","0.190000000000000002","0.340000000000000024","1.050000000000000044","-0.530000000000000027"
"325","Training","GCB","Low","9.69999999999999929","0","1.239999999999999991","0.220000000000000001","0.250000000000000000","-1.489999999999999991","-0.209999999999999992","-0.750000000000000000"
"394","Training","GCB","Medium","14.59999999999999964","0","1.659999999999999920","-0.689999999999999947","-0.330000000000000016","-0.880000000000000004","1.360000000000000098","-1.080000000000000071"
"398","Training","GCB","NA","2.89999999999999991","1","2.129999999999999893","0.979999999999999982","-0.010000000000000000","-0.760000000000000009","0.390000000000000013","-1.219999999999999973"
"401","Training","ABC","Medium","6.59999999999999964","1","-0.409999999999999976","1.489999999999999991","0.110000000000000001","-0.289999999999999980","-0.510000000000000009","-0.160000000000000003"
"404","Training","ABC","Medium","2.29999999999999982","1","-0.910000000000000031","-0.050000000000000003","0.819999999999999951","1.379999999999999893","0.160000000000000003","0.849999999999999978"
"406","Training","GCB","Low","11.59999999999999964","0","0.400000000000000022","2.979999999999999982","-1.560000000000000053","0.579999999999999960","-0.450000000000000011","-0.910000000000000031"
"407","Training","GCB","Medium","0.20000000000000001","1","0.409999999999999976","-2.189999999999999947","0.270000000000000018","1.120000000000000107","-0.029999999999999999","0.849999999999999978"
"408","Training","ABC","Medium","0.69999999999999996","1","-1.239999999999999991","0.209999999999999992","0.190000000000000002","-1.080000000000000071","0.510000000000000009","-0.140000000000000013"
"409","Training","GCB","Medium","2.10000000000000009","1","1.080000000000000071","1.179999999999999938","0.100000000000000006","-0.110000000000000001","0.989999999999999991","-0.920000000000000040"
"413","Training","ABC","Medium","2.29999999999999982","1","-1.530000000000000027","0.209999999999999992","0.489999999999999991","1.620000000000000107","0.479999999999999982","0.859999999999999987"
"415","Training","ABC","Medium","2.29999999999999982","1","-1.260000000000000009","0.719999999999999973","-0.849999999999999978","0.050000000000000003","0.220000000000000001","-0.070000000000000007"
"419","Training","Type III","High","1.30000000000000004","1","-1.330000000000000071","0.500000000000000000","-0.369999999999999996","-0.119999999999999996","0.560000000000000053","-0.040000000000000001"
"421","Training","GCB","High","0.10000000000000001","1","1.790000000000000036","-1.229999999999999982","-0.070000000000000007","-1.020000000000000018","0.680000000000000049","-0.760000000000000009"
"422","Training","Type III","NA","0.50000000000000000","1","-1.550000000000000044","1.949999999999999956","0.059999999999999998","-0.900000000000000022","-0.849999999999999978","-0.040000000000000001"
"423","Training","GCB","High","1.00000000000000000","1","0.630000000000000004","0.230000000000000010","-0.289999999999999980","-0.709999999999999964","-1.939999999999999947","0.070000000000000007"
"424","Training","ABC","Low","12.30000000000000071","0","0.760000000000000009","2.350000000000000089","0.460000000000000020","0.230000000000000010","-0.160000000000000003","-0.569999999999999951"
"425","Training","ABC","Medium","7.79999999999999982","0","-0.260000000000000009","-1.239999999999999991","0.609999999999999987","0.260000000000000009","0.670000000000000040","0.400000000000000022"
"427","Training","GCB","Medium","2.10000000000000009","1","0.530000000000000027","0.179999999999999993","-0.230000000000000010","0.230000000000000010","-0.270000000000000018","-0.100000000000000006"
"428","Training","GCB","Medium","0.40000000000000002","1","0.780000000000000027","0.170000000000000012","0.050000000000000003","0.340000000000000024","0.500000000000000000","-0.309999999999999998"
"429","Training","ABC","High","2.00000000000000000","1","-0.479999999999999982","1.959999999999999964","0.429999999999999993","2.080000000000000071","-0.149999999999999994","0.450000000000000011"
"430","Training","GCB","High","6.50000000000000000","0","0.910000000000000031","-0.170000000000000012","-0.050000000000000003","-1.090000000000000080","1.229999999999999982","-0.959999999999999964"
"431","Training","ABC","Medium","1.00000000000000000","1","-1.189999999999999947","-0.819999999999999951","1.020000000000000018","0.800000000000000044","0.020000000000000000","1.040000000000000036"
"432","Training","GCB","Low","7.29999999999999982","0","0.619999999999999996","1.540000000000000036","-0.400000000000000022","-0.440000000000000002","-0.050000000000000003","-0.780000000000000027"
"433","Training","GCB","Medium","6.00000000000000000","1","1.310000000000000053","1.909999999999999920","0.550000000000000044","0.070000000000000007","0.609999999999999987","-0.890000000000000013"
"1","Validation","Type III","Medium","11.00000000000000000","1","-0.349999999999999978","0.500000000000000000","-0.220000000000000001","-1.290000000000000036","-0.560000000000000053","-0.299999999999999989"
"3","Validation","GCB","High","10.59999999999999964","1","1.020000000000000018","1.149999999999999911","-0.309999999999999998","-0.140000000000000013","-0.050000000000000003","-0.680000000000000049"
"5","Validation","ABC","Medium","1.00000000000000000","1","-0.260000000000000009","-1.719999999999999973","0.589999999999999969","0.790000000000000036","-0.040000000000000001","0.900000000000000022"
"9","Validation","GCB","Medium","5.40000000000000036","1","2.149999999999999911","0.320000000000000007","-0.050000000000000003","-0.760000000000000009","-0.660000000000000031","-0.750000000000000000"
"13","Validation","Type III","Medium","0.80000000000000004","1","1.510000000000000009","0.910000000000000031","-0.040000000000000001","-0.599999999999999978","1.479999999999999982","-1.320000000000000062"
"14","Validation","GCB","Low","10.50000000000000000","0","2.240000000000000213","0.429999999999999993","0.230000000000000010","-0.220000000000000001","1.350000000000000089","-1.189999999999999947"
"16","Validation","GCB","High","9.59999999999999964","0","0.390000000000000013","1.439999999999999947","-0.409999999999999976","0.520000000000000018","-0.699999999999999956","-0.200000000000000011"
"17","Validation","ABC","High","9.00000000000000000","0","0.520000000000000018","-0.160000000000000003","0.709999999999999964","-0.530000000000000027","0.349999999999999978","-0.209999999999999992"
"19","Validation","GCB","Low","7.40000000000000036","0","-0.409999999999999976","-1.590000000000000080","0.510000000000000009","-0.380000000000000004","-2.410000000000000142","1.270000000000000018"
"32","Validation","ABC","Low","7.50000000000000000","1","-1.510000000000000009","-1.000000000000000000","0.160000000000000003","-1.110000000000000098","1.379999999999999893","-0.050000000000000003"
"35","Validation","GCB","Low","11.30000000000000071","0","1.080000000000000071","0.040000000000000001","0.419999999999999984","-1.280000000000000027","-0.050000000000000003","-0.609999999999999987"
"38","Validation","Type III","Low","2.00000000000000000","1","-1.090000000000000080","-0.340000000000000024","-1.379999999999999893","0.890000000000000013","-1.270000000000000018","0.739999999999999991"
"40","Validation","ABC","Medium","0.40000000000000002","1","-0.699999999999999956","-0.479999999999999982","0.100000000000000006","0.500000000000000000","-0.829999999999999960","0.760000000000000009"
"43","Validation","ABC","Medium","11.40000000000000036","0","0.040000000000000001","-0.419999999999999984","1.020000000000000018","-0.179999999999999993","-1.120000000000000107","0.630000000000000004"
"54","Validation","GCB","NA","3.00000000000000000","1","-0.289999999999999980","1.229999999999999982","0.400000000000000022","0.630000000000000004","1.129999999999999893","-0.289999999999999980"
"57","Validation","GCB","Medium","8.40000000000000036","0","0.839999999999999969","-0.070000000000000007","0.010000000000000000","-0.089999999999999997","1.389999999999999902","-0.689999999999999947"
"58","Validation","ABC","Low","0.20000000000000001","1","-1.949999999999999956","-0.579999999999999960","0.320000000000000007","0.100000000000000006","-1.449999999999999956","1.270000000000000018"
"63","Validation","GCB","Low","5.00000000000000000","0","0.739999999999999991","0.939999999999999947","-0.540000000000000036","-0.400000000000000022","-0.340000000000000024","-0.589999999999999969"
"64","Validation","ABC","Medium","0.90000000000000002","1","-0.920000000000000040","-2.560000000000000053","1.129999999999999893","0.289999999999999980","-1.449999999999999956","1.709999999999999964"
"78","Validation","ABC","Low","0.59999999999999998","1","-0.569999999999999951","-1.159999999999999920","1.070000000000000062","1.479999999999999982","1.040000000000000036","0.849999999999999978"
"79","Validation","GCB","Medium","0.59999999999999998","1","0.540000000000000036","-0.979999999999999982","-0.609999999999999987","-0.579999999999999960","0.390000000000000013","-0.359999999999999987"
"80","Validation","ABC","Low","6.40000000000000036","0","-0.750000000000000000","0.440000000000000002","0.930000000000000049","-0.819999999999999951","-1.250000000000000000","0.469999999999999973"
"86","Validation","ABC","Low","4.79999999999999982","0","0.849999999999999978","0.989999999999999991","1.149999999999999911","0.190000000000000002","0.719999999999999973","-0.380000000000000004"
"88","Validation","GCB","Medium","5.00000000000000000","1","2.049999999999999822","-2.240000000000000213","0.630000000000000004","0.130000000000000004","0.780000000000000027","-0.089999999999999997"
"89","Validation","ABC","High","0.29999999999999999","1","-0.910000000000000031","1.300000000000000044","0.739999999999999991","0.680000000000000049","0.080000000000000002","0.309999999999999998"
"94","Validation","Type III","NA","9.50000000000000000","0","-1.580000000000000071","0.709999999999999964","-0.900000000000000022","0.010000000000000000","0.969999999999999973","-0.239999999999999991"
"95","Validation","GCB","Low","4.09999999999999964","0","0.729999999999999982","0.709999999999999964","-0.080000000000000002","-0.020000000000000000","1.449999999999999956","-0.859999999999999987"
"97","Validation","GCB","Low","8.90000000000000036","0","1.419999999999999929","-0.390000000000000013","-0.460000000000000020","-1.419999999999999929","-0.289999999999999980","-0.780000000000000027"
"102","Validation","Type III","Medium","1.50000000000000000","1","-1.320000000000000062","0.119999999999999996","-0.900000000000000022","-0.450000000000000011","0.190000000000000002","-0.059999999999999998"
"103","Validation","GCB","Medium","1.10000000000000009","1","0.469999999999999973","-1.889999999999999902","1.800000000000000044","0.250000000000000000","-1.050000000000000044","1.169999999999999929"
"105","Validation","GCB","Low","3.89999999999999991","0","0.630000000000000004","1.770000000000000018","-0.859999999999999987","-0.409999999999999976","0.130000000000000004","-1.000000000000000000"
"107","Validation","ABC","Medium","0.10000000000000001","1","-0.270000000000000018","-0.140000000000000013","1.149999999999999911","1.540000000000000036","-0.340000000000000024","0.969999999999999973"
"112","Validation","GCB","Medium","1.30000000000000004","1","1.610000000000000098","1.030000000000000027","-1.030000000000000027","0.979999999999999982","0.230000000000000010","-0.739999999999999991"
"114","Validation","GCB","missing","15.40000000000000036","0","1.260000000000000009","-0.270000000000000018","0.190000000000000002","-0.050000000000000003","1.320000000000000062","-0.680000000000000049"
"127","Validation","GCB","Low","9.09999999999999964","1","2.479999999999999982","0.059999999999999998","-0.179999999999999993","-0.819999999999999951","1.250000000000000000","-1.419999999999999929"
"137","Validation","GCB","Medium","4.29999999999999982","1","2.299999999999999822","0.170000000000000012","-0.609999999999999987","0.670000000000000040","0.330000000000000016","-0.750000000000000000"
"139","Validation","Type III","Medium","0.10000000000000001","1","-0.650000000000000022","-0.810000000000000053","-0.320000000000000007","-0.949999999999999956","-1.649999999999999911","0.530000000000000027"
"141","Validation","Type III","Low","3.60000000000000009","1","-1.080000000000000071","0.790000000000000036","-0.359999999999999987","-0.709999999999999964","-0.359999999999999987","-0.080000000000000002"
"142","Validation","GCB","Medium","0.40000000000000002","1","-0.800000000000000044","-0.939999999999999947","0.440000000000000002","-0.200000000000000011","-1.699999999999999956","1.040000000000000036"
"145","Validation","GCB","Low","10.19999999999999929","0","1.239999999999999991","0.059999999999999998","1.070000000000000062","1.270000000000000018","0.709999999999999964","0.059999999999999998"
"146","Validation","GCB","Low","10.40000000000000036","0","1.399999999999999911","-0.500000000000000000","0.070000000000000007","0.619999999999999996","0.770000000000000018","-0.309999999999999998"
"163","Validation","GCB","High","0.69999999999999996","1","-0.460000000000000020","1.149999999999999911","-0.040000000000000001","0.859999999999999987","0.359999999999999987","-0.010000000000000000"
"169","Validation","Type III","Low","0.69999999999999996","1","0.560000000000000053","1.719999999999999973","-0.469999999999999973","0.209999999999999992","-0.469999999999999973","-0.489999999999999991"
"181","Validation","GCB","Medium","0.10000000000000001","1","1.580000000000000071","1.709999999999999964","0.479999999999999982","-0.660000000000000031","-0.579999999999999960","-0.800000000000000044"
"182","Validation","ABC","Medium","4.09999999999999964","0","0.010000000000000000","-0.680000000000000049","0.670000000000000040","-0.560000000000000053","-1.239999999999999991","0.540000000000000036"
"183","Validation","GCB","Low","3.50000000000000000","0","0.510000000000000009","0.650000000000000022","-0.880000000000000004","0.309999999999999998","-0.460000000000000020","-0.280000000000000027"
"185","Validation","ABC","Medium","0.50000000000000000","1","-1.080000000000000071","0.029999999999999999","0.000000000000000000","1.570000000000000062","-0.530000000000000027","0.959999999999999964"
"186","Validation","GCB","Medium","11.69999999999999929","0","0.419999999999999984","1.600000000000000089","-0.050000000000000003","-0.289999999999999980","1.050000000000000044","-0.949999999999999956"
"190","Validation","ABC","Low","6.09999999999999964","1","-0.440000000000000002","1.489999999999999991","0.179999999999999993","0.589999999999999969","1.360000000000000098","-0.440000000000000002"
"199","Validation","GCB","Medium","1.10000000000000009","1","-0.280000000000000027","-1.169999999999999929","0.709999999999999964","0.369999999999999996","1.020000000000000018","0.340000000000000024"
"203","Validation","ABC","Medium","1.89999999999999991","1","-0.869999999999999996","-0.939999999999999947","0.979999999999999982","-0.719999999999999973","-1.919999999999999929","1.100000000000000089"
"211","Validation","GCB","NA","9.50000000000000000","0","1.449999999999999956","-0.469999999999999973","0.130000000000000004","0.059999999999999998","0.800000000000000044","-0.500000000000000000"
"216","Validation","ABC","Medium","0.40000000000000002","1","-0.729999999999999982","0.320000000000000007","0.979999999999999982","1.050000000000000044","-0.569999999999999951","0.880000000000000004"
"221","Validation","ABC","High","1.30000000000000004","1","-0.930000000000000049","-1.229999999999999982","0.349999999999999978","-0.520000000000000018","-0.589999999999999969","0.680000000000000049"
"222","Validation","Type III","Medium","1.10000000000000009","1","-1.050000000000000044","2.020000000000000018","-0.270000000000000018","0.340000000000000024","1.300000000000000044","-0.560000000000000053"
"223","Validation","GCB","High","0.69999999999999996","1","0.130000000000000004","-1.149999999999999911","-0.130000000000000004","-0.220000000000000001","0.750000000000000000","-0.080000000000000002"
"224","Validation","Type III","Low","1.60000000000000009","1","-1.629999999999999893","-0.080000000000000002","-0.029999999999999999","-1.229999999999999982","0.130000000000000004","0.059999999999999998"
"234","Validation","Type III","Low","3.39999999999999991","0","-0.689999999999999947","0.110000000000000001","-1.120000000000000107","-1.409999999999999920","-0.859999999999999987","-0.270000000000000018"
"238","Validation","Type III","Low","9.19999999999999929","0","-1.909999999999999920","-1.330000000000000071","-0.849999999999999978","0.190000000000000002","0.589999999999999969","0.560000000000000053"
"245","Validation","Type III","Low","1.19999999999999996","1","-0.320000000000000007","0.179999999999999993","-0.949999999999999956","-1.100000000000000089","0.530000000000000027","-0.689999999999999947"
"248","Validation","GCB","Medium","11.19999999999999929","0","0.579999999999999960","0.250000000000000000","-0.859999999999999987","-0.489999999999999991","-0.220000000000000001","-0.520000000000000018"
"249","Validation","GCB","High","1.39999999999999991","1","-0.270000000000000018","0.089999999999999997","0.349999999999999978","1.110000000000000098","0.780000000000000027","0.239999999999999991"
"252","Validation","GCB","Low","8.80000000000000071","0","1.250000000000000000","-0.130000000000000004","-1.120000000000000107","-0.469999999999999973","0.330000000000000016","-0.849999999999999978"
"262","Validation","GCB","Medium","3.00000000000000000","1","0.260000000000000009","-0.680000000000000049","-0.849999999999999978","-1.870000000000000107","-0.510000000000000009","-0.530000000000000027"
"266","Validation","GCB","NA","0.40000000000000002","1","1.679999999999999938","0.070000000000000007","-0.320000000000000007","0.050000000000000003","-0.250000000000000000","-0.489999999999999991"
"272","Validation","ABC","Low","2.89999999999999991","1","-0.750000000000000000","-0.959999999999999964","-0.200000000000000011","-0.849999999999999978","-1.580000000000000071","0.640000000000000013"
"284","Validation","Type III","Medium","0.40000000000000002","1","-1.320000000000000062","-1.149999999999999911","-0.719999999999999973","-0.880000000000000004","-1.120000000000000107","0.569999999999999951"
"299","Validation","Type III","Medium","17.39999999999999858","0","-0.520000000000000018","-0.089999999999999997","-1.080000000000000071","0.869999999999999996","0.040000000000000001","0.170000000000000012"
"303","Validation","Type III","NA","16.80000000000000071","0","-0.729999999999999982","-0.220000000000000001","-0.250000000000000000","0.599999999999999978","1.370000000000000107","-0.029999999999999999"
"304","Validation","ABC","Medium","1.30000000000000004","1","-1.100000000000000089","-0.589999999999999969","0.689999999999999947","0.680000000000000049","1.290000000000000036","0.440000000000000002"
"309","Validation","Type III","NA","4.00000000000000000","0","-1.409999999999999920","0.440000000000000002","-1.699999999999999956","0.939999999999999947","-0.959999999999999964","0.479999999999999982"
"396","Validation","Type III","Medium","5.59999999999999964","1","-1.810000000000000053","0.709999999999999964","0.829999999999999960","-0.589999999999999969","-0.880000000000000004","0.640000000000000013"
"397","Validation","GCB","Medium","19.80000000000000071","0","1.090000000000000080","-0.080000000000000002","0.160000000000000003","-0.380000000000000004","-0.630000000000000004","-0.179999999999999993"
"399","Validation","GCB","Medium","6.90000000000000036","1","1.469999999999999973","-0.989999999999999991","-0.330000000000000016","-1.389999999999999902","0.880000000000000004","-0.969999999999999973"
"400","Validation","ABC","Medium","0.29999999999999999","1","-1.280000000000000027","-1.600000000000000089","0.869999999999999996","0.299999999999999989","0.989999999999999991","0.760000000000000009"
"411","Validation","Type III","Medium","3.10000000000000009","1","-0.849999999999999978","-0.709999999999999964","-0.500000000000000000","2.509999999999999787","0.890000000000000013","0.800000000000000044"
"418","Validation","Type III","Medium","7.70000000000000018","0","-1.120000000000000107","1.889999999999999902","-0.230000000000000010","0.270000000000000018","0.239999999999999991","-0.190000000000000002"
"435","Validation","GCB","Low","2.70000000000000018","1","-0.359999999999999987","0.500000000000000000","-0.270000000000000018","1.209999999999999964","-0.709999999999999964","0.510000000000000009"
"439","Validation","Type III","High","1.10000000000000009","1","-0.689999999999999947","1.020000000000000018","-0.230000000000000010","-0.839999999999999969","0.050000000000000003","-0.390000000000000013"
